{"cameraMode":{"drawMode":0,"name":"Shaded","section":"Shading Mode"},"sceneLighting":false,"audioPlay":false,"sceneViewState":{"m_AlwaysRefresh":false,"showFog":true,"showSkybox":true,"showFlares":true,"showImageEffects":true,"showParticleSystems":true,"showVisualEffectGraphs":true,"m_FxEnabled":true},"in2DMode":false,"pivot":{"x":803.2599487304688,"y":490.45733642578127,"z":32.49259948730469},"rotation":{"x":-0.2237669825553894,"y":-0.044149674475193027,"z":0.010166850872337819,"w":-0.9736186861991882},"size":382.3990173339844,"orthographic":false}