{"cameraMode":{"drawMode":0,"name":"Shaded","section":"Shading Mode"},"sceneLighting":false,"audioPlay":false,"sceneViewState":{"m_AlwaysRefresh":false,"showFog":true,"showSkybox":true,"showFlares":true,"showImageEffects":true,"showParticleSystems":true,"showVisualEffectGraphs":true,"m_FxEnabled":true},"in2DMode":false,"pivot":{"x":1361.703369140625,"y":81.84051513671875,"z":-149.44915771484376},"rotation":{"x":-0.27696219086647036,"y":-0.07056128233671189,"z":0.020405899733304979,"w":-0.9580824971199036},"size":1526.7869873046875,"orthographic":false}